Booking_ID,User_Name,Room_ID,Seat_No,Time_Slot
1,Startup_A,R1,5,9
2,Startup_B,R2,3,11
3,Startup_C,R1,8,10
4,Startup_D,R3,2,14
5,Startup_E,R2,6,13
6,Startup_F,R1,10,15
7,Startup_G,R4,1,9
8,Startup_H,R3,7,12
9,Startup_I,R2,9,16
10,Startup_J,R1,4,11
11,Startup_K,R4,6,10
12,Startup_L,R3,8,13
13,Startup_M,R2,2,14
14,Startup_N,R1,7,12
15,Startup_O,R4,5,15
16,Startup_P,R3,9,16
17,Startup_Q,R2,10,9
18,Startup_R,R1,6,13
19,Startup_S,R4,3,11
20,Startup_T,R3,4,14
21,Startup_U,R2,7,15
22,Startup_V,R1,9,16
23,Startup_W,R4,8,10
24,Startup_X,R3,1,9
25,Startup_Y,R2,4,12
26,Startup_Z,R1,2,14
27,Startup_AA,R4,10,13
28,Startup_AB,R3,6,11
29,Startup_AC,R2,5,10
30,Startup_AD,R1,8,15
31,Startup_AE,R4,7,16
32,Startup_AF,R3,9,9
33,Startup_AG,R2,1,11
34,Startup_AH,R1,3,12
35,Startup_AI,R4,2,14
36,Startup_AJ,R3,10,15
37,Startup_AK,R2,6,16
38,Startup_AL,R1,5,9
39,Startup_AM,R4,4,10
40,Startup_AN,R3,7,11
41,Startup_AO,R2,8,12
42,Startup_AP,R1,9,13
43,Startup_AQ,R4,1,14
44,Startup_AR,R3,2,15
45,Startup_AS,R2,3,16
46,Startup_AT,R1,4,10
47,Startup_AU,R4,6,11
48,Startup_AV,R3,5,12
49,Startup_AW,R2,7,13
50,Startup_AX,R1,8,14
51,Startup_AY,R4,9,15
52,Startup_AZ,R3,10,16
53,Startup_BA,R2,1,9
54,Startup_BB,R1,2,10
55,Startup_BC,R4,3,11
56,Startup_BD,R3,4,12
57,Startup_BE,R2,5,13
58,Startup_BF,R1,6,14
59,Startup_BG,R4,7,15
60,Startup_BH,R3,8,16
61,Startup_BI,R2,9,9
62,Startup_BJ,R1,10,10
63,Startup_BK,R4,1,11
64,Startup_BL,R3,2,12
65,Startup_BM,R2,3,13
66,Startup_BN,R1,4,14
67,Startup_BO,R4,5,15
68,Startup_BP,R3,6,16
69,Startup_BQ,R2,7,10
70,Startup_BR,R1,8,11
71,Startup_BS,R4,9,12
72,Startup_BT,R3,10,13
73,Startup_BU,R2,1,14
74,Startup_BV,R1,2,15
75,Startup_BW,R4,3,16
76,Startup_BX,R3,4,9
77,Startup_BY,R2,5,10
78,Startup_BZ,R1,6,11
79,Startup_CA,R4,7,12
80,Startup_CB,R3,8,13
81,Startup_CC,R2,9,14
82,Startup_CD,R1,10,15
83,Startup_CE,R4,1,16
84,Startup_CF,R3,2,9
85,Startup_CG,R2,3,10
86,Startup_CH,R1,4,11
87,Startup_CI,R4,5,12
88,Startup_CJ,R3,6,13
89,Startup_CK,R2,7,14
90,Startup_CL,R1,8,15
91,Startup_CM,R4,9,16
92,Startup_CN,R3,10,9
93,Startup_CO,R2,1,10
94,Startup_CP,R1,2,11
95,Startup_CQ,R4,3,12
96,Startup_CR,R3,4,13
97,Startup_CS,R2,5,14
98,Startup_CT,R1,6,15
99,Startup_CU,R4,7,16
100,Startup_CV,R3,8,10
